Workbook

Sheet Assignments
A1: 1. In the "Orders" worksheet, add a new column named "Product_Name" immediately to the right of "Product_ID". For each order, retrieve the matching "Product_Name" from the "Products" worksheet using "Product_ID" as the common identifier. If the product is not listed in "Products", leave the result blank.
A2: 2. In the "Orders" worksheet, create a new column named "Category". For each order, obtain the corresponding "Category" from "Products" by matching "Product_ID". Leave the result blank when no matching product is available.
A3: 3. In the "Orders" worksheet, create a new column named "Unit_Cost". Retrieve the product cost from the "Unit_Cost" column in "Products" for each matching "Product_ID". Do not confuse "Unit_Cost" with the existing "Unit_Price" in "Orders". Leave unmatched records blank.
A4: 4. In the "Orders" worksheet, add a column named "Brand" and populate it with the corresponding "Brand" from "Products", based on each order's "Product_ID". Leave unmatched records blank.
A5: 5. In the "Orders" worksheet, add a column named "Subcategory". For each order, use "Product_ID" to identify and return the corresponding "Subcategory" in "Products". Leave unmatched records blank.
A6: 6. In the "Orders" worksheet, create a new column named "Line_Total_Cost". For each order row with a matching product, multiply "Quantity" by the retrieved "Unit_Cost". Leave "Line_Total_Cost" blank if "Unit_Cost" is unavailable; do not substitute "Unit_Price".
A7: 7. Create a PivotTable from the enriched "Orders" data on a new worksheet. Place "Category" in Rows and "Region" in Columns; display the sum of "Line_Total_Cost" in Values. Exclude records with a blank "Category" or "Line_Total_Cost" and show grand totals.
A8: 8. Create a PivotTable on a new worksheet showing the sum of "Quantity" for each "Customer_Name" (Rows), broken down by "Sales_Channel" (Columns). Sort customers in descending order by their overall total quantity, rather than by the quantity in an individual channel.

Sheet Sheet1
A3: Row Labels | B3: Count of Region | C3: Sum of cost unit
B4: 76 | C4: 0
A5: Electronics | B5: 91 | C5: 12561.99
A6: Home | B6: 84 | C6: 8790.06
A7: Office | B7: 89 | C7: 9328.92
A8: Sports | B8: 80 | C8: 11176.9
A9: Grand Total | B9: 420 | C9: 41857.87

Sheet Sheet2
A3: Row Labels | B3: Sum of Quantity
A4: Beta SPA | B4: 1998
A5: Delta SRL | B5: 1924
A6: Alfa SRL | B6: 1794
A7: Gamma SAS | B7: 1789
A8: Zeta SRL | B8: 1749
A9: Epsilon SPA | B9: 1416
A10: Grand Total | B10: 10670

Sheet Orders
A1: Region | B1: Unit_Price | C1: Order_ID | D1: Sales_Channel | E1: Quantity | F1: Order_Date | G1: Categ | H1: Prod name | I1: Brandd | J1: cost unit | K1: Product_ID | L1: Customer_Name | M1: Subcat
A2: Islands | B2: 211.68 | C2: 1 | D2: Marketplace | E2: 8 | F2: 45111 | G2: =_xlfn.XLOOKUP(K:K,Products!B:B,Products!E:E," ") -> Office | H2: =_xlfn.XLOOKUP(Orders!K:K,Products!B:B,Products!F:F," ") -> Printers Model 2 | I2: =_xlfn.XLOOKUP(K:K,Products!B:B,Products!C:C," ") -> BrandA | J2: =_xlfn.XLOOKUP(K:K,Products!B:B,Products!D:D," ") -> 272.52 | K2: 24 | L2: Delta SRL | M2: =_xlfn.XLOOKUP(K:K,Products!B:B,Products!A:A," ") -> Printers
A3: Islands | B3: 265.16 | C3: 2 | D3: Marketplace | E3: 27 | F3: 45234 | G3: =_xlfn.XLOOKUP(K:K,Products!B:B,Products!E:E," ") -> Electronics | H3: =_xlfn.XLOOKUP(Orders!K:K,Products!B:B,Products!F:F," ") -> Laptop Model 1 | I3: =_xlfn.XLOOKUP(K:K,Products!B:B,Products!C:C," ") -> BrandB | J3: =_xlfn.XLOOKUP(K:K,Products!B:B,Products!D:D," ") -> 251.46 | K3: 3 | L3: Delta SRL | M3: =_xlfn.XLOOKUP(K:K,Products!B:B,Products!A:A," ") -> Laptop
A4: Central | B4: 279.89 | C4: 3 | D4: Marketplace | E4: 26 | F4: 45180 | G4: =_xlfn.XLOOKUP(K:K,Products!B:B,Products!E:E," ") -> Office | H4: =_xlfn.XLOOKUP(Orders!K:K,Products!B:B,Products!F:F," ") -> Stationery Model 2 | I4: =_xlfn.XLOOKUP(K:K,Products!B:B,Products!C:C," ") -> BrandC | J4: =_xlfn.XLOOKUP(K:K,Products!B:B,Products!D:D," ") -> 170.2 | K4: 20 | L4: Delta SRL | M4: =_xlfn.XLOOKUP(K:K,Products!B:B,Products!A:A," ") -> Stationery
A5: Islands | B5: 60.62 | C5: 4 | D5: Online | E5: 17 | F5: 45280 | G5: =_xlfn.XLOOKUP(K:K,Products!B:B,Products!E:E," ") -> Electronics | H5: =_xlfn.XLOOKUP(Orders!K:K,Products!B:B,Products!F:F," ") -> Smartphone Model 2 | I5: =_xlfn.XLOOKUP(K:K,Products!B:B,Products!C:C," ") -> BrandB | J5: =_xlfn.XLOOKUP(K:K,Products!B:B,Products!D:D," ") -> 43.27 | K5: 2 | L5: Delta SRL | M5: =_xlfn.XLOOKUP(K:K,Products!B:B,Products!A:A," ") -> Smartphone
A6: North | B6: 449.41 | C6: 5 | D6: In-store | E6: 15 | F6: 45266 | G6: =_xlfn.XLOOKUP(K:K,Products!B:B,Products!E:E," ") -> Office | H6: =_xlfn.XLOOKUP(Orders!K:K,Products!B:B,Products!F:F," ") -> Stationery Model 2 | I6: =_xlfn.XLOOKUP(K:K,Products!B:B,Products!C:C," ") -> BrandC | J6: =_xlfn.XLOOKUP(K:K,Products!B:B,Products!D:D," ") -> 170.2 | K6: 20 | L6: Zeta SRL | M6: =_xlfn.XLOOKUP(K:K,Products!B:B,Products!A:A," ") -> Stationery
A7: Central | B7: 423.26 | C7: 6 | D7: Sales agent | E7: 44 | F7: 44989 | G7: =_xlfn.XLOOKUP(K:K,Products!B:B,Products!E:E," ") -> Office | H7: =_xlfn.XLOOKUP(Orders!K:K,Products!B:B,Products!F:F," ") -> Stationery Model 1 | I7: =_xlfn.XLOOKUP(K:K,Products!B:B,Products!C:C," ") -> BrandB | J7: =_xlfn.XLOOKUP(K:K,Products!B:B,Products!D:D," ") -> 73 | K7: 19 | L7: Zeta SRL | M7: =_xlfn.XLOOKUP(K:K,Products!B:B,Products!A:A," ") -> Stationery
A8: South | B8: 307.33 | C8: 7 | D8: In-store | E8: 29 | F8: 45000 | G8: =_xlfn.XLOOKUP(K:K,Products!B:B,Products!E:E," ") -> Electronics | H8: =_xlfn.XLOOKUP(Orders!K:K,Products!B:B,Products!F:F," ") -> Smartphone Model 1 | I8: =_xlfn.XLOOKUP(K:K,Products!B:B,Products!C:C," ") -> BrandC | J8: =_xlfn.XLOOKUP(K:K,Products!B:B,Products!D:D," ") -> 285.65 | K8: 1 | L8: Epsilon SPA | M8: =_xlfn.XLOOKUP(K:K,Products!B:B,Products!A:A," ") -> Smartphone
A9: South | B9: 365.24 | C9: 8 | D9: Online | E9: 23 | F9: 45007 | G9: =_xlfn.XLOOKUP(K:K,Products!B:B,Products!E:E," ") -> Office | H9: =_xlfn.XLOOKUP(Orders!K:K,Products!B:B,Products!F:F," ") -> Office Furniture Model 1 | I9: =_xlfn.XLOOKUP(K:K,Products!B:B,Products!C:C," ") -> BrandC | J9: =_xlfn.XLOOKUP(K:K,Products!B:B,Products!D:D," ") -> 67.66 | K9: 21 | L9: Zeta SRL | M9: =_xlfn.XLOOKUP(K:K,Products!B:B,Products!A:A," ") -> Office Furniture
A10: South | B10: 467.1 | C10: 9 | D10: Online | E10: 48 | F10: 45259 | G10: =_xlfn.XLOOKUP(K:K,Products!B:B,Products!E:E," ") -> Electronics | H10: =_xlfn.XLOOKUP(Orders!K:K,Products!B:B,Products!F:F," ") -> Laptop Model 2 | I10: =_xlfn.XLOOKUP(K:K,Products!B:B,Products!C:C," ") -> BrandB | J10: =_xlfn.XLOOKUP(K:K,Products!B:B,Products!D:D," ") -> 65.05 | K10: 4 | L10: Beta SPA | M10: =_xlfn.XLOOKUP(K:K,Products!B:B,Products!A:A," ") -> Laptop
A11: Central | B11: 479.01 | C11: 10 | D11: Online | E11: 7 | F11: 45040 | G11: =_xlfn.XLOOKUP(K:K,Products!B:B,Products!E:E," ") -> Office | H11: =_xlfn.XLOOKUP(Orders!K:K,Products!B:B,Products!F:F," ") -> Printers Model 1 | I11: =_xlfn.XLOOKUP(K:K,Products!B:B,Products!C:C," ") -> BrandA | J11: =_xlfn.XLOOKUP(K:K,Products!B:B,Products!D:D," ") -> 36.47 | K11: 23 | L11: Delta SRL | M11: =_xlfn.XLOOKUP(K:K,Products!B:B,Products!A:A," ") -> Printers
A12: Central | B12: 154.76 | C12: 11 | D12: Sales agent | E12: 29 | F12: 45142 | G12: =_xlfn.XLOOKUP(K:K,Products!B:B,Products!E:E," ") -> Home | H12: =_xlfn.XLOOKUP(Orders!K:K,Products!B:B,Products!F:F," ") -> Cleaning Model 2 | I12: =_xlfn.XLOOKUP(K:K,Products!B:B,Products!C:C," ") -> BrandB | J12: =_xlfn.XLOOKUP(K:K,Products!B:B,Products!D:D," ") -> 209.52 | K12: 12 | L12: Beta SPA | M12: =_xlfn.XLOOKUP(K:K,Products!B:B,Products!A:A," ") -> Cleaning
A13: North | B13: 88.88 | C13: 12 | D13: Sales agent | E13: 41 | F13: 45087 | G13: =_xlfn.XLOOKUP(K:K,Products!B:B,Products!E:E," ") -> Home | H13: =_xlfn.XLOOKUP(Orders!K:K,Products!B:B,Products!F:F," ") -> Furniture Model 1 | I13: =_xlfn.XLOOKUP(K:K,Products!B:B,Products!C:C," ") -> BrandD | J13: =_xlfn.XLOOKUP(K:K,Products!B:B,Products!D:D," ") -> 7.21 | K13: 9 | L13: Gamma SAS | M13: =_xlfn.XLOOKUP(K:K,Products!B:B,Products!A:A," ") -> Furniture
... A421: North | B421: 447.99 | C421: 420 | D421: Online | E421: 47 | F421: 45265 | G421: =_xlfn.XLOOKUP(K:K,Products!B:B,Products!E:E," ") -> Office | H421: =_xlfn.XLOOKUP(Orders!K:K,Products!B:B,Products!F:F," ") -> Stationery Model 1 | I421: =_xlfn.XLOOKUP(K:K,Products!B:B,Products!C:C," ") -> BrandB | J421: =_xlfn.XLOOKUP(K:K,Products!B:B,Products!D:D," ") -> 73 | K421: 19 | L421: Zeta SRL | M421: =_xlfn.XLOOKUP(K:K,Products!B:B,Products!A:A," ") -> Stationery

Sheet Products
A1: Subcategory | B1: Product_ID | C1: Brand | D1: Unit_Cost | E1: Category | F1: Product_Name
A2: Smartphone | B2: 1 | C2: BrandC | D2: 285.65 | E2: Electronics | F2: Smartphone Model 1
A3: Smartphone | B3: 2 | C3: BrandB | D3: 43.27 | E3: Electronics | F3: Smartphone Model 2
A4: Laptop | B4: 3 | C4: BrandB | D4: 251.46 | E4: Electronics | F4: Laptop Model 1
A5: Laptop | B5: 4 | C5: BrandB | D5: 65.05 | E5: Electronics | F5: Laptop Model 2
A6: Tablet | B6: 5 | C6: BrandD | D6: 55.43 | E6: Electronics | F6: Tablet Model 1
A7: Tablet | B7: 6 | C7: BrandB | D7: 184.01 | E7: Electronics | F7: Tablet Model 2
A8: Kitchen | B8: 7 | C8: BrandB | D8: 27.76 | E8: Home | F8: Kitchen Model 1
A9: Kitchen | B9: 8 | C9: BrandC | D9: 163.14 | E9: Home | F9: Kitchen Model 2
A10: Furniture | B10: 9 | C10: BrandD | D10: 7.21 | E10: Home | F10: Furniture Model 1
A11: Furniture | B11: 10 | C11: BrandD | D11: 3.75 | E11: Home | F11: Furniture Model 2
A12: Cleaning | B12: 11 | C12: BrandD | D12: 191.61 | E12: Home | F12: Cleaning Model 1
A13: Cleaning | B13: 12 | C13: BrandB | D13: 209.52 | E13: Home | F13: Cleaning Model 2
... A25: Printers | B25: 24 | C25: BrandA | D25: 272.52 | E25: Office | F25: Printers Model 2
